device_set,locale,display_order,file
phone,en-US,1,play-upload/phone/en-US/01-en-US-all-tools.png
phone,en-US,2,play-upload/phone/en-US/02-en-US-scanner-transform.png
phone,en-US,3,play-upload/phone/en-US/03-en-US-pdf-reader.png
phone,en-US,4,play-upload/phone/en-US/04-en-US-compression-transform.png
phone,en-US,5,play-upload/phone/en-US/05-en-US-images-to-pdf.png
phone,en-US,6,play-upload/phone/en-US/06-en-US-merge-rearrange.png
phone,en-US,7,play-upload/phone/en-US/07-en-US-offline-privacy.png
phone,en-US,8,play-upload/phone/en-US/08-en-US-result-sharing.png
tablet-7,en-US,1,play-upload/tablet-7/en-US/01-en-US-all-tools-tablet7.png
tablet-7,en-US,2,play-upload/tablet-7/en-US/02-en-US-scanner-transform-tablet7.png
tablet-7,en-US,3,play-upload/tablet-7/en-US/03-en-US-pdf-reader-tablet7.png
tablet-7,en-US,4,play-upload/tablet-7/en-US/04-en-US-compression-transform-tablet7.png
tablet-7,en-US,5,play-upload/tablet-7/en-US/05-en-US-images-to-pdf-tablet7.png
tablet-7,en-US,6,play-upload/tablet-7/en-US/06-en-US-merge-rearrange-tablet7.png
tablet-7,en-US,7,play-upload/tablet-7/en-US/07-en-US-offline-privacy-tablet7.png
tablet-7,en-US,8,play-upload/tablet-7/en-US/08-en-US-result-sharing-tablet7.png
tablet-10,en-US,1,play-upload/tablet-10/en-US/01-en-US-all-tools-tablet10.png
tablet-10,en-US,2,play-upload/tablet-10/en-US/02-en-US-scanner-transform-tablet10.png
tablet-10,en-US,3,play-upload/tablet-10/en-US/03-en-US-pdf-reader-tablet10.png
tablet-10,en-US,4,play-upload/tablet-10/en-US/04-en-US-compression-transform-tablet10.png
tablet-10,en-US,5,play-upload/tablet-10/en-US/05-en-US-images-to-pdf-tablet10.png
tablet-10,en-US,6,play-upload/tablet-10/en-US/06-en-US-merge-rearrange-tablet10.png
tablet-10,en-US,7,play-upload/tablet-10/en-US/07-en-US-offline-privacy-tablet10.png
tablet-10,en-US,8,play-upload/tablet-10/en-US/08-en-US-result-sharing-tablet10.png
phone,de-DE,1,localized/upload-ready/de-DE/phone/01-de-DE-all-tools.png
tablet-7,de-DE,1,localized/upload-ready/de-DE/tablet-7/01-de-DE-all-tools-tablet7.png
tablet-10,de-DE,1,localized/upload-ready/de-DE/tablet-10/01-de-DE-all-tools-tablet10.png
phone,de-DE,2,localized/upload-ready/de-DE/phone/02-de-DE-scanner-transform.png
tablet-7,de-DE,2,localized/upload-ready/de-DE/tablet-7/02-de-DE-scanner-transform-tablet7.png
tablet-10,de-DE,2,localized/upload-ready/de-DE/tablet-10/02-de-DE-scanner-transform-tablet10.png
phone,de-DE,3,localized/upload-ready/de-DE/phone/03-de-DE-pdf-reader.png
tablet-7,de-DE,3,localized/upload-ready/de-DE/tablet-7/03-de-DE-pdf-reader-tablet7.png
tablet-10,de-DE,3,localized/upload-ready/de-DE/tablet-10/03-de-DE-pdf-reader-tablet10.png
phone,de-DE,4,localized/upload-ready/de-DE/phone/04-de-DE-compression-transform.png
tablet-7,de-DE,4,localized/upload-ready/de-DE/tablet-7/04-de-DE-compression-transform-tablet7.png
tablet-10,de-DE,4,localized/upload-ready/de-DE/tablet-10/04-de-DE-compression-transform-tablet10.png
phone,de-DE,5,localized/upload-ready/de-DE/phone/05-de-DE-images-to-pdf.png
tablet-7,de-DE,5,localized/upload-ready/de-DE/tablet-7/05-de-DE-images-to-pdf-tablet7.png
tablet-10,de-DE,5,localized/upload-ready/de-DE/tablet-10/05-de-DE-images-to-pdf-tablet10.png
phone,de-DE,6,localized/upload-ready/de-DE/phone/06-de-DE-merge-rearrange.png
tablet-7,de-DE,6,localized/upload-ready/de-DE/tablet-7/06-de-DE-merge-rearrange-tablet7.png
tablet-10,de-DE,6,localized/upload-ready/de-DE/tablet-10/06-de-DE-merge-rearrange-tablet10.png
phone,de-DE,7,localized/upload-ready/de-DE/phone/07-de-DE-offline-privacy.png
tablet-7,de-DE,7,localized/upload-ready/de-DE/tablet-7/07-de-DE-offline-privacy-tablet7.png
tablet-10,de-DE,7,localized/upload-ready/de-DE/tablet-10/07-de-DE-offline-privacy-tablet10.png
phone,de-DE,8,localized/upload-ready/de-DE/phone/08-de-DE-result-sharing.png
tablet-7,de-DE,8,localized/upload-ready/de-DE/tablet-7/08-de-DE-result-sharing-tablet7.png
tablet-10,de-DE,8,localized/upload-ready/de-DE/tablet-10/08-de-DE-result-sharing-tablet10.png
feature-graphic,de-DE,1,localized/upload-ready/de-DE/feature-graphic/utility/quietpdf-feature-utility.png
feature-graphic,de-DE,2,localized/upload-ready/de-DE/feature-graphic/privacy/quietpdf-feature-privacy.png
phone,fr-FR,1,localized/upload-ready/fr-FR/phone/01-fr-FR-all-tools.png
tablet-7,fr-FR,1,localized/upload-ready/fr-FR/tablet-7/01-fr-FR-all-tools-tablet7.png
tablet-10,fr-FR,1,localized/upload-ready/fr-FR/tablet-10/01-fr-FR-all-tools-tablet10.png
phone,fr-FR,2,localized/upload-ready/fr-FR/phone/02-fr-FR-scanner-transform.png
tablet-7,fr-FR,2,localized/upload-ready/fr-FR/tablet-7/02-fr-FR-scanner-transform-tablet7.png
tablet-10,fr-FR,2,localized/upload-ready/fr-FR/tablet-10/02-fr-FR-scanner-transform-tablet10.png
phone,fr-FR,3,localized/upload-ready/fr-FR/phone/03-fr-FR-pdf-reader.png
tablet-7,fr-FR,3,localized/upload-ready/fr-FR/tablet-7/03-fr-FR-pdf-reader-tablet7.png
tablet-10,fr-FR,3,localized/upload-ready/fr-FR/tablet-10/03-fr-FR-pdf-reader-tablet10.png
phone,fr-FR,4,localized/upload-ready/fr-FR/phone/04-fr-FR-compression-transform.png
tablet-7,fr-FR,4,localized/upload-ready/fr-FR/tablet-7/04-fr-FR-compression-transform-tablet7.png
tablet-10,fr-FR,4,localized/upload-ready/fr-FR/tablet-10/04-fr-FR-compression-transform-tablet10.png
phone,fr-FR,5,localized/upload-ready/fr-FR/phone/05-fr-FR-images-to-pdf.png
tablet-7,fr-FR,5,localized/upload-ready/fr-FR/tablet-7/05-fr-FR-images-to-pdf-tablet7.png
tablet-10,fr-FR,5,localized/upload-ready/fr-FR/tablet-10/05-fr-FR-images-to-pdf-tablet10.png
phone,fr-FR,6,localized/upload-ready/fr-FR/phone/06-fr-FR-merge-rearrange.png
tablet-7,fr-FR,6,localized/upload-ready/fr-FR/tablet-7/06-fr-FR-merge-rearrange-tablet7.png
tablet-10,fr-FR,6,localized/upload-ready/fr-FR/tablet-10/06-fr-FR-merge-rearrange-tablet10.png
phone,fr-FR,7,localized/upload-ready/fr-FR/phone/07-fr-FR-offline-privacy.png
tablet-7,fr-FR,7,localized/upload-ready/fr-FR/tablet-7/07-fr-FR-offline-privacy-tablet7.png
tablet-10,fr-FR,7,localized/upload-ready/fr-FR/tablet-10/07-fr-FR-offline-privacy-tablet10.png
phone,fr-FR,8,localized/upload-ready/fr-FR/phone/08-fr-FR-result-sharing.png
tablet-7,fr-FR,8,localized/upload-ready/fr-FR/tablet-7/08-fr-FR-result-sharing-tablet7.png
tablet-10,fr-FR,8,localized/upload-ready/fr-FR/tablet-10/08-fr-FR-result-sharing-tablet10.png
feature-graphic,fr-FR,1,localized/upload-ready/fr-FR/feature-graphic/utility/quietpdf-feature-utility.png
feature-graphic,fr-FR,2,localized/upload-ready/fr-FR/feature-graphic/privacy/quietpdf-feature-privacy.png
phone,ja-JP,1,localized/upload-ready/ja-JP/phone/01-ja-JP-all-tools.png
tablet-7,ja-JP,1,localized/upload-ready/ja-JP/tablet-7/01-ja-JP-all-tools-tablet7.png
tablet-10,ja-JP,1,localized/upload-ready/ja-JP/tablet-10/01-ja-JP-all-tools-tablet10.png
phone,ja-JP,2,localized/upload-ready/ja-JP/phone/02-ja-JP-scanner-transform.png
tablet-7,ja-JP,2,localized/upload-ready/ja-JP/tablet-7/02-ja-JP-scanner-transform-tablet7.png
tablet-10,ja-JP,2,localized/upload-ready/ja-JP/tablet-10/02-ja-JP-scanner-transform-tablet10.png
phone,ja-JP,3,localized/upload-ready/ja-JP/phone/03-ja-JP-pdf-reader.png
tablet-7,ja-JP,3,localized/upload-ready/ja-JP/tablet-7/03-ja-JP-pdf-reader-tablet7.png
tablet-10,ja-JP,3,localized/upload-ready/ja-JP/tablet-10/03-ja-JP-pdf-reader-tablet10.png
phone,ja-JP,4,localized/upload-ready/ja-JP/phone/04-ja-JP-compression-transform.png
tablet-7,ja-JP,4,localized/upload-ready/ja-JP/tablet-7/04-ja-JP-compression-transform-tablet7.png
tablet-10,ja-JP,4,localized/upload-ready/ja-JP/tablet-10/04-ja-JP-compression-transform-tablet10.png
phone,ja-JP,5,localized/upload-ready/ja-JP/phone/05-ja-JP-images-to-pdf.png
tablet-7,ja-JP,5,localized/upload-ready/ja-JP/tablet-7/05-ja-JP-images-to-pdf-tablet7.png
tablet-10,ja-JP,5,localized/upload-ready/ja-JP/tablet-10/05-ja-JP-images-to-pdf-tablet10.png
phone,ja-JP,6,localized/upload-ready/ja-JP/phone/06-ja-JP-merge-rearrange.png
tablet-7,ja-JP,6,localized/upload-ready/ja-JP/tablet-7/06-ja-JP-merge-rearrange-tablet7.png
tablet-10,ja-JP,6,localized/upload-ready/ja-JP/tablet-10/06-ja-JP-merge-rearrange-tablet10.png
phone,ja-JP,7,localized/upload-ready/ja-JP/phone/07-ja-JP-offline-privacy.png
tablet-7,ja-JP,7,localized/upload-ready/ja-JP/tablet-7/07-ja-JP-offline-privacy-tablet7.png
tablet-10,ja-JP,7,localized/upload-ready/ja-JP/tablet-10/07-ja-JP-offline-privacy-tablet10.png
phone,ja-JP,8,localized/upload-ready/ja-JP/phone/08-ja-JP-result-sharing.png
tablet-7,ja-JP,8,localized/upload-ready/ja-JP/tablet-7/08-ja-JP-result-sharing-tablet7.png
tablet-10,ja-JP,8,localized/upload-ready/ja-JP/tablet-10/08-ja-JP-result-sharing-tablet10.png
feature-graphic,ja-JP,1,localized/upload-ready/ja-JP/feature-graphic/utility/quietpdf-feature-utility.png
feature-graphic,ja-JP,2,localized/upload-ready/ja-JP/feature-graphic/privacy/quietpdf-feature-privacy.png
phone,hi-IN,1,localized/upload-ready/hi-IN/phone/01-hi-IN-all-tools.png
tablet-7,hi-IN,1,localized/upload-ready/hi-IN/tablet-7/01-hi-IN-all-tools-tablet7.png
tablet-10,hi-IN,1,localized/upload-ready/hi-IN/tablet-10/01-hi-IN-all-tools-tablet10.png
phone,hi-IN,2,localized/upload-ready/hi-IN/phone/02-hi-IN-scanner-transform.png
tablet-7,hi-IN,2,localized/upload-ready/hi-IN/tablet-7/02-hi-IN-scanner-transform-tablet7.png
tablet-10,hi-IN,2,localized/upload-ready/hi-IN/tablet-10/02-hi-IN-scanner-transform-tablet10.png
phone,hi-IN,3,localized/upload-ready/hi-IN/phone/03-hi-IN-pdf-reader.png
tablet-7,hi-IN,3,localized/upload-ready/hi-IN/tablet-7/03-hi-IN-pdf-reader-tablet7.png
tablet-10,hi-IN,3,localized/upload-ready/hi-IN/tablet-10/03-hi-IN-pdf-reader-tablet10.png
phone,hi-IN,4,localized/upload-ready/hi-IN/phone/04-hi-IN-compression-transform.png
tablet-7,hi-IN,4,localized/upload-ready/hi-IN/tablet-7/04-hi-IN-compression-transform-tablet7.png
tablet-10,hi-IN,4,localized/upload-ready/hi-IN/tablet-10/04-hi-IN-compression-transform-tablet10.png
phone,hi-IN,5,localized/upload-ready/hi-IN/phone/05-hi-IN-images-to-pdf.png
tablet-7,hi-IN,5,localized/upload-ready/hi-IN/tablet-7/05-hi-IN-images-to-pdf-tablet7.png
tablet-10,hi-IN,5,localized/upload-ready/hi-IN/tablet-10/05-hi-IN-images-to-pdf-tablet10.png
phone,hi-IN,6,localized/upload-ready/hi-IN/phone/06-hi-IN-merge-rearrange.png
tablet-7,hi-IN,6,localized/upload-ready/hi-IN/tablet-7/06-hi-IN-merge-rearrange-tablet7.png
tablet-10,hi-IN,6,localized/upload-ready/hi-IN/tablet-10/06-hi-IN-merge-rearrange-tablet10.png
phone,hi-IN,7,localized/upload-ready/hi-IN/phone/07-hi-IN-offline-privacy.png
tablet-7,hi-IN,7,localized/upload-ready/hi-IN/tablet-7/07-hi-IN-offline-privacy-tablet7.png
tablet-10,hi-IN,7,localized/upload-ready/hi-IN/tablet-10/07-hi-IN-offline-privacy-tablet10.png
phone,hi-IN,8,localized/upload-ready/hi-IN/phone/08-hi-IN-result-sharing.png
tablet-7,hi-IN,8,localized/upload-ready/hi-IN/tablet-7/08-hi-IN-result-sharing-tablet7.png
tablet-10,hi-IN,8,localized/upload-ready/hi-IN/tablet-10/08-hi-IN-result-sharing-tablet10.png
feature-graphic,hi-IN,1,localized/upload-ready/hi-IN/feature-graphic/utility/quietpdf-feature-utility.png
feature-graphic,hi-IN,2,localized/upload-ready/hi-IN/feature-graphic/privacy/quietpdf-feature-privacy.png
phone,ru-RU,1,localized/upload-ready/ru-RU/phone/01-ru-RU-all-tools.png
tablet-7,ru-RU,1,localized/upload-ready/ru-RU/tablet-7/01-ru-RU-all-tools-tablet7.png
tablet-10,ru-RU,1,localized/upload-ready/ru-RU/tablet-10/01-ru-RU-all-tools-tablet10.png
phone,ru-RU,2,localized/upload-ready/ru-RU/phone/02-ru-RU-scanner-transform.png
tablet-7,ru-RU,2,localized/upload-ready/ru-RU/tablet-7/02-ru-RU-scanner-transform-tablet7.png
tablet-10,ru-RU,2,localized/upload-ready/ru-RU/tablet-10/02-ru-RU-scanner-transform-tablet10.png
phone,ru-RU,3,localized/upload-ready/ru-RU/phone/03-ru-RU-pdf-reader.png
tablet-7,ru-RU,3,localized/upload-ready/ru-RU/tablet-7/03-ru-RU-pdf-reader-tablet7.png
tablet-10,ru-RU,3,localized/upload-ready/ru-RU/tablet-10/03-ru-RU-pdf-reader-tablet10.png
phone,ru-RU,4,localized/upload-ready/ru-RU/phone/04-ru-RU-compression-transform.png
tablet-7,ru-RU,4,localized/upload-ready/ru-RU/tablet-7/04-ru-RU-compression-transform-tablet7.png
tablet-10,ru-RU,4,localized/upload-ready/ru-RU/tablet-10/04-ru-RU-compression-transform-tablet10.png
phone,ru-RU,5,localized/upload-ready/ru-RU/phone/05-ru-RU-images-to-pdf.png
tablet-7,ru-RU,5,localized/upload-ready/ru-RU/tablet-7/05-ru-RU-images-to-pdf-tablet7.png
tablet-10,ru-RU,5,localized/upload-ready/ru-RU/tablet-10/05-ru-RU-images-to-pdf-tablet10.png
phone,ru-RU,6,localized/upload-ready/ru-RU/phone/06-ru-RU-merge-rearrange.png
tablet-7,ru-RU,6,localized/upload-ready/ru-RU/tablet-7/06-ru-RU-merge-rearrange-tablet7.png
tablet-10,ru-RU,6,localized/upload-ready/ru-RU/tablet-10/06-ru-RU-merge-rearrange-tablet10.png
phone,ru-RU,7,localized/upload-ready/ru-RU/phone/07-ru-RU-offline-privacy.png
tablet-7,ru-RU,7,localized/upload-ready/ru-RU/tablet-7/07-ru-RU-offline-privacy-tablet7.png
tablet-10,ru-RU,7,localized/upload-ready/ru-RU/tablet-10/07-ru-RU-offline-privacy-tablet10.png
phone,ru-RU,8,localized/upload-ready/ru-RU/phone/08-ru-RU-result-sharing.png
tablet-7,ru-RU,8,localized/upload-ready/ru-RU/tablet-7/08-ru-RU-result-sharing-tablet7.png
tablet-10,ru-RU,8,localized/upload-ready/ru-RU/tablet-10/08-ru-RU-result-sharing-tablet10.png
feature-graphic,ru-RU,1,localized/upload-ready/ru-RU/feature-graphic/utility/quietpdf-feature-utility.png
feature-graphic,ru-RU,2,localized/upload-ready/ru-RU/feature-graphic/privacy/quietpdf-feature-privacy.png
phone,es-ES,1,localized/upload-ready/es-ES/phone/01-es-ES-all-tools.png
tablet-7,es-ES,1,localized/upload-ready/es-ES/tablet-7/01-es-ES-all-tools-tablet7.png
tablet-10,es-ES,1,localized/upload-ready/es-ES/tablet-10/01-es-ES-all-tools-tablet10.png
phone,es-ES,2,localized/upload-ready/es-ES/phone/02-es-ES-scanner-transform.png
tablet-7,es-ES,2,localized/upload-ready/es-ES/tablet-7/02-es-ES-scanner-transform-tablet7.png
tablet-10,es-ES,2,localized/upload-ready/es-ES/tablet-10/02-es-ES-scanner-transform-tablet10.png
phone,es-ES,3,localized/upload-ready/es-ES/phone/03-es-ES-pdf-reader.png
tablet-7,es-ES,3,localized/upload-ready/es-ES/tablet-7/03-es-ES-pdf-reader-tablet7.png
tablet-10,es-ES,3,localized/upload-ready/es-ES/tablet-10/03-es-ES-pdf-reader-tablet10.png
phone,es-ES,4,localized/upload-ready/es-ES/phone/04-es-ES-compression-transform.png
tablet-7,es-ES,4,localized/upload-ready/es-ES/tablet-7/04-es-ES-compression-transform-tablet7.png
tablet-10,es-ES,4,localized/upload-ready/es-ES/tablet-10/04-es-ES-compression-transform-tablet10.png
phone,es-ES,5,localized/upload-ready/es-ES/phone/05-es-ES-images-to-pdf.png
tablet-7,es-ES,5,localized/upload-ready/es-ES/tablet-7/05-es-ES-images-to-pdf-tablet7.png
tablet-10,es-ES,5,localized/upload-ready/es-ES/tablet-10/05-es-ES-images-to-pdf-tablet10.png
phone,es-ES,6,localized/upload-ready/es-ES/phone/06-es-ES-merge-rearrange.png
tablet-7,es-ES,6,localized/upload-ready/es-ES/tablet-7/06-es-ES-merge-rearrange-tablet7.png
tablet-10,es-ES,6,localized/upload-ready/es-ES/tablet-10/06-es-ES-merge-rearrange-tablet10.png
phone,es-ES,7,localized/upload-ready/es-ES/phone/07-es-ES-offline-privacy.png
tablet-7,es-ES,7,localized/upload-ready/es-ES/tablet-7/07-es-ES-offline-privacy-tablet7.png
tablet-10,es-ES,7,localized/upload-ready/es-ES/tablet-10/07-es-ES-offline-privacy-tablet10.png
phone,es-ES,8,localized/upload-ready/es-ES/phone/08-es-ES-result-sharing.png
tablet-7,es-ES,8,localized/upload-ready/es-ES/tablet-7/08-es-ES-result-sharing-tablet7.png
tablet-10,es-ES,8,localized/upload-ready/es-ES/tablet-10/08-es-ES-result-sharing-tablet10.png
feature-graphic,es-ES,1,localized/upload-ready/es-ES/feature-graphic/utility/quietpdf-feature-utility.png
feature-graphic,es-ES,2,localized/upload-ready/es-ES/feature-graphic/privacy/quietpdf-feature-privacy.png
phone,pt-PT,1,localized/upload-ready/pt-PT/phone/01-pt-PT-all-tools.png
tablet-7,pt-PT,1,localized/upload-ready/pt-PT/tablet-7/01-pt-PT-all-tools-tablet7.png
tablet-10,pt-PT,1,localized/upload-ready/pt-PT/tablet-10/01-pt-PT-all-tools-tablet10.png
phone,pt-PT,2,localized/upload-ready/pt-PT/phone/02-pt-PT-scanner-transform.png
tablet-7,pt-PT,2,localized/upload-ready/pt-PT/tablet-7/02-pt-PT-scanner-transform-tablet7.png
tablet-10,pt-PT,2,localized/upload-ready/pt-PT/tablet-10/02-pt-PT-scanner-transform-tablet10.png
phone,pt-PT,3,localized/upload-ready/pt-PT/phone/03-pt-PT-pdf-reader.png
tablet-7,pt-PT,3,localized/upload-ready/pt-PT/tablet-7/03-pt-PT-pdf-reader-tablet7.png
tablet-10,pt-PT,3,localized/upload-ready/pt-PT/tablet-10/03-pt-PT-pdf-reader-tablet10.png
phone,pt-PT,4,localized/upload-ready/pt-PT/phone/04-pt-PT-compression-transform.png
tablet-7,pt-PT,4,localized/upload-ready/pt-PT/tablet-7/04-pt-PT-compression-transform-tablet7.png
tablet-10,pt-PT,4,localized/upload-ready/pt-PT/tablet-10/04-pt-PT-compression-transform-tablet10.png
phone,pt-PT,5,localized/upload-ready/pt-PT/phone/05-pt-PT-images-to-pdf.png
tablet-7,pt-PT,5,localized/upload-ready/pt-PT/tablet-7/05-pt-PT-images-to-pdf-tablet7.png
tablet-10,pt-PT,5,localized/upload-ready/pt-PT/tablet-10/05-pt-PT-images-to-pdf-tablet10.png
phone,pt-PT,6,localized/upload-ready/pt-PT/phone/06-pt-PT-merge-rearrange.png
tablet-7,pt-PT,6,localized/upload-ready/pt-PT/tablet-7/06-pt-PT-merge-rearrange-tablet7.png
tablet-10,pt-PT,6,localized/upload-ready/pt-PT/tablet-10/06-pt-PT-merge-rearrange-tablet10.png
phone,pt-PT,7,localized/upload-ready/pt-PT/phone/07-pt-PT-offline-privacy.png
tablet-7,pt-PT,7,localized/upload-ready/pt-PT/tablet-7/07-pt-PT-offline-privacy-tablet7.png
tablet-10,pt-PT,7,localized/upload-ready/pt-PT/tablet-10/07-pt-PT-offline-privacy-tablet10.png
phone,pt-PT,8,localized/upload-ready/pt-PT/phone/08-pt-PT-result-sharing.png
tablet-7,pt-PT,8,localized/upload-ready/pt-PT/tablet-7/08-pt-PT-result-sharing-tablet7.png
tablet-10,pt-PT,8,localized/upload-ready/pt-PT/tablet-10/08-pt-PT-result-sharing-tablet10.png
feature-graphic,pt-PT,1,localized/upload-ready/pt-PT/feature-graphic/utility/quietpdf-feature-utility.png
feature-graphic,pt-PT,2,localized/upload-ready/pt-PT/feature-graphic/privacy/quietpdf-feature-privacy.png
phone,pt-BR,1,localized/upload-ready/pt-BR/phone/01-pt-BR-all-tools.png
tablet-7,pt-BR,1,localized/upload-ready/pt-BR/tablet-7/01-pt-BR-all-tools-tablet7.png
tablet-10,pt-BR,1,localized/upload-ready/pt-BR/tablet-10/01-pt-BR-all-tools-tablet10.png
phone,pt-BR,2,localized/upload-ready/pt-BR/phone/02-pt-BR-scanner-transform.png
tablet-7,pt-BR,2,localized/upload-ready/pt-BR/tablet-7/02-pt-BR-scanner-transform-tablet7.png
tablet-10,pt-BR,2,localized/upload-ready/pt-BR/tablet-10/02-pt-BR-scanner-transform-tablet10.png
phone,pt-BR,3,localized/upload-ready/pt-BR/phone/03-pt-BR-pdf-reader.png
tablet-7,pt-BR,3,localized/upload-ready/pt-BR/tablet-7/03-pt-BR-pdf-reader-tablet7.png
tablet-10,pt-BR,3,localized/upload-ready/pt-BR/tablet-10/03-pt-BR-pdf-reader-tablet10.png
phone,pt-BR,4,localized/upload-ready/pt-BR/phone/04-pt-BR-compression-transform.png
tablet-7,pt-BR,4,localized/upload-ready/pt-BR/tablet-7/04-pt-BR-compression-transform-tablet7.png
tablet-10,pt-BR,4,localized/upload-ready/pt-BR/tablet-10/04-pt-BR-compression-transform-tablet10.png
phone,pt-BR,5,localized/upload-ready/pt-BR/phone/05-pt-BR-images-to-pdf.png
tablet-7,pt-BR,5,localized/upload-ready/pt-BR/tablet-7/05-pt-BR-images-to-pdf-tablet7.png
tablet-10,pt-BR,5,localized/upload-ready/pt-BR/tablet-10/05-pt-BR-images-to-pdf-tablet10.png
phone,pt-BR,6,localized/upload-ready/pt-BR/phone/06-pt-BR-merge-rearrange.png
tablet-7,pt-BR,6,localized/upload-ready/pt-BR/tablet-7/06-pt-BR-merge-rearrange-tablet7.png
tablet-10,pt-BR,6,localized/upload-ready/pt-BR/tablet-10/06-pt-BR-merge-rearrange-tablet10.png
phone,pt-BR,7,localized/upload-ready/pt-BR/phone/07-pt-BR-offline-privacy.png
tablet-7,pt-BR,7,localized/upload-ready/pt-BR/tablet-7/07-pt-BR-offline-privacy-tablet7.png
tablet-10,pt-BR,7,localized/upload-ready/pt-BR/tablet-10/07-pt-BR-offline-privacy-tablet10.png
phone,pt-BR,8,localized/upload-ready/pt-BR/phone/08-pt-BR-result-sharing.png
tablet-7,pt-BR,8,localized/upload-ready/pt-BR/tablet-7/08-pt-BR-result-sharing-tablet7.png
tablet-10,pt-BR,8,localized/upload-ready/pt-BR/tablet-10/08-pt-BR-result-sharing-tablet10.png
feature-graphic,pt-BR,1,localized/upload-ready/pt-BR/feature-graphic/utility/quietpdf-feature-utility.png
feature-graphic,pt-BR,2,localized/upload-ready/pt-BR/feature-graphic/privacy/quietpdf-feature-privacy.png
phone,it-IT,1,localized/upload-ready/it-IT/phone/01-it-IT-all-tools.png
tablet-7,it-IT,1,localized/upload-ready/it-IT/tablet-7/01-it-IT-all-tools-tablet7.png
tablet-10,it-IT,1,localized/upload-ready/it-IT/tablet-10/01-it-IT-all-tools-tablet10.png
phone,it-IT,2,localized/upload-ready/it-IT/phone/02-it-IT-scanner-transform.png
tablet-7,it-IT,2,localized/upload-ready/it-IT/tablet-7/02-it-IT-scanner-transform-tablet7.png
tablet-10,it-IT,2,localized/upload-ready/it-IT/tablet-10/02-it-IT-scanner-transform-tablet10.png
phone,it-IT,3,localized/upload-ready/it-IT/phone/03-it-IT-pdf-reader.png
tablet-7,it-IT,3,localized/upload-ready/it-IT/tablet-7/03-it-IT-pdf-reader-tablet7.png
tablet-10,it-IT,3,localized/upload-ready/it-IT/tablet-10/03-it-IT-pdf-reader-tablet10.png
phone,it-IT,4,localized/upload-ready/it-IT/phone/04-it-IT-compression-transform.png
tablet-7,it-IT,4,localized/upload-ready/it-IT/tablet-7/04-it-IT-compression-transform-tablet7.png
tablet-10,it-IT,4,localized/upload-ready/it-IT/tablet-10/04-it-IT-compression-transform-tablet10.png
phone,it-IT,5,localized/upload-ready/it-IT/phone/05-it-IT-images-to-pdf.png
tablet-7,it-IT,5,localized/upload-ready/it-IT/tablet-7/05-it-IT-images-to-pdf-tablet7.png
tablet-10,it-IT,5,localized/upload-ready/it-IT/tablet-10/05-it-IT-images-to-pdf-tablet10.png
phone,it-IT,6,localized/upload-ready/it-IT/phone/06-it-IT-merge-rearrange.png
tablet-7,it-IT,6,localized/upload-ready/it-IT/tablet-7/06-it-IT-merge-rearrange-tablet7.png
tablet-10,it-IT,6,localized/upload-ready/it-IT/tablet-10/06-it-IT-merge-rearrange-tablet10.png
phone,it-IT,7,localized/upload-ready/it-IT/phone/07-it-IT-offline-privacy.png
tablet-7,it-IT,7,localized/upload-ready/it-IT/tablet-7/07-it-IT-offline-privacy-tablet7.png
tablet-10,it-IT,7,localized/upload-ready/it-IT/tablet-10/07-it-IT-offline-privacy-tablet10.png
phone,it-IT,8,localized/upload-ready/it-IT/phone/08-it-IT-result-sharing.png
tablet-7,it-IT,8,localized/upload-ready/it-IT/tablet-7/08-it-IT-result-sharing-tablet7.png
tablet-10,it-IT,8,localized/upload-ready/it-IT/tablet-10/08-it-IT-result-sharing-tablet10.png
feature-graphic,it-IT,1,localized/upload-ready/it-IT/feature-graphic/utility/quietpdf-feature-utility.png
feature-graphic,it-IT,2,localized/upload-ready/it-IT/feature-graphic/privacy/quietpdf-feature-privacy.png
phone,id-ID,1,localized/upload-ready/id-ID/phone/01-id-ID-all-tools.png
tablet-7,id-ID,1,localized/upload-ready/id-ID/tablet-7/01-id-ID-all-tools-tablet7.png
tablet-10,id-ID,1,localized/upload-ready/id-ID/tablet-10/01-id-ID-all-tools-tablet10.png
phone,id-ID,2,localized/upload-ready/id-ID/phone/02-id-ID-scanner-transform.png
tablet-7,id-ID,2,localized/upload-ready/id-ID/tablet-7/02-id-ID-scanner-transform-tablet7.png
tablet-10,id-ID,2,localized/upload-ready/id-ID/tablet-10/02-id-ID-scanner-transform-tablet10.png
phone,id-ID,3,localized/upload-ready/id-ID/phone/03-id-ID-pdf-reader.png
tablet-7,id-ID,3,localized/upload-ready/id-ID/tablet-7/03-id-ID-pdf-reader-tablet7.png
tablet-10,id-ID,3,localized/upload-ready/id-ID/tablet-10/03-id-ID-pdf-reader-tablet10.png
phone,id-ID,4,localized/upload-ready/id-ID/phone/04-id-ID-compression-transform.png
tablet-7,id-ID,4,localized/upload-ready/id-ID/tablet-7/04-id-ID-compression-transform-tablet7.png
tablet-10,id-ID,4,localized/upload-ready/id-ID/tablet-10/04-id-ID-compression-transform-tablet10.png
phone,id-ID,5,localized/upload-ready/id-ID/phone/05-id-ID-images-to-pdf.png
tablet-7,id-ID,5,localized/upload-ready/id-ID/tablet-7/05-id-ID-images-to-pdf-tablet7.png
tablet-10,id-ID,5,localized/upload-ready/id-ID/tablet-10/05-id-ID-images-to-pdf-tablet10.png
phone,id-ID,6,localized/upload-ready/id-ID/phone/06-id-ID-merge-rearrange.png
tablet-7,id-ID,6,localized/upload-ready/id-ID/tablet-7/06-id-ID-merge-rearrange-tablet7.png
tablet-10,id-ID,6,localized/upload-ready/id-ID/tablet-10/06-id-ID-merge-rearrange-tablet10.png
phone,id-ID,7,localized/upload-ready/id-ID/phone/07-id-ID-offline-privacy.png
tablet-7,id-ID,7,localized/upload-ready/id-ID/tablet-7/07-id-ID-offline-privacy-tablet7.png
tablet-10,id-ID,7,localized/upload-ready/id-ID/tablet-10/07-id-ID-offline-privacy-tablet10.png
phone,id-ID,8,localized/upload-ready/id-ID/phone/08-id-ID-result-sharing.png
tablet-7,id-ID,8,localized/upload-ready/id-ID/tablet-7/08-id-ID-result-sharing-tablet7.png
tablet-10,id-ID,8,localized/upload-ready/id-ID/tablet-10/08-id-ID-result-sharing-tablet10.png
feature-graphic,id-ID,1,localized/upload-ready/id-ID/feature-graphic/utility/quietpdf-feature-utility.png
feature-graphic,id-ID,2,localized/upload-ready/id-ID/feature-graphic/privacy/quietpdf-feature-privacy.png
phone,ar,1,localized/upload-ready/ar/phone/01-ar-all-tools.png
tablet-7,ar,1,localized/upload-ready/ar/tablet-7/01-ar-all-tools-tablet7.png
tablet-10,ar,1,localized/upload-ready/ar/tablet-10/01-ar-all-tools-tablet10.png
phone,ar,2,localized/upload-ready/ar/phone/02-ar-scanner-transform.png
tablet-7,ar,2,localized/upload-ready/ar/tablet-7/02-ar-scanner-transform-tablet7.png
tablet-10,ar,2,localized/upload-ready/ar/tablet-10/02-ar-scanner-transform-tablet10.png
phone,ar,3,localized/upload-ready/ar/phone/03-ar-pdf-reader.png
tablet-7,ar,3,localized/upload-ready/ar/tablet-7/03-ar-pdf-reader-tablet7.png
tablet-10,ar,3,localized/upload-ready/ar/tablet-10/03-ar-pdf-reader-tablet10.png
phone,ar,4,localized/upload-ready/ar/phone/04-ar-compression-transform.png
tablet-7,ar,4,localized/upload-ready/ar/tablet-7/04-ar-compression-transform-tablet7.png
tablet-10,ar,4,localized/upload-ready/ar/tablet-10/04-ar-compression-transform-tablet10.png
phone,ar,5,localized/upload-ready/ar/phone/05-ar-images-to-pdf.png
tablet-7,ar,5,localized/upload-ready/ar/tablet-7/05-ar-images-to-pdf-tablet7.png
tablet-10,ar,5,localized/upload-ready/ar/tablet-10/05-ar-images-to-pdf-tablet10.png
phone,ar,6,localized/upload-ready/ar/phone/06-ar-merge-rearrange.png
tablet-7,ar,6,localized/upload-ready/ar/tablet-7/06-ar-merge-rearrange-tablet7.png
tablet-10,ar,6,localized/upload-ready/ar/tablet-10/06-ar-merge-rearrange-tablet10.png
phone,ar,7,localized/upload-ready/ar/phone/07-ar-offline-privacy.png
tablet-7,ar,7,localized/upload-ready/ar/tablet-7/07-ar-offline-privacy-tablet7.png
tablet-10,ar,7,localized/upload-ready/ar/tablet-10/07-ar-offline-privacy-tablet10.png
phone,ar,8,localized/upload-ready/ar/phone/08-ar-result-sharing.png
tablet-7,ar,8,localized/upload-ready/ar/tablet-7/08-ar-result-sharing-tablet7.png
tablet-10,ar,8,localized/upload-ready/ar/tablet-10/08-ar-result-sharing-tablet10.png
feature-graphic,ar,1,localized/upload-ready/ar/feature-graphic/utility/quietpdf-feature-utility.png
feature-graphic,ar,2,localized/upload-ready/ar/feature-graphic/privacy/quietpdf-feature-privacy.png
phone,ko-KR,1,localized/upload-ready/ko-KR/phone/01-ko-KR-all-tools.png
tablet-7,ko-KR,1,localized/upload-ready/ko-KR/tablet-7/01-ko-KR-all-tools-tablet7.png
tablet-10,ko-KR,1,localized/upload-ready/ko-KR/tablet-10/01-ko-KR-all-tools-tablet10.png
phone,ko-KR,2,localized/upload-ready/ko-KR/phone/02-ko-KR-scanner-transform.png
tablet-7,ko-KR,2,localized/upload-ready/ko-KR/tablet-7/02-ko-KR-scanner-transform-tablet7.png
tablet-10,ko-KR,2,localized/upload-ready/ko-KR/tablet-10/02-ko-KR-scanner-transform-tablet10.png
phone,ko-KR,3,localized/upload-ready/ko-KR/phone/03-ko-KR-pdf-reader.png
tablet-7,ko-KR,3,localized/upload-ready/ko-KR/tablet-7/03-ko-KR-pdf-reader-tablet7.png
tablet-10,ko-KR,3,localized/upload-ready/ko-KR/tablet-10/03-ko-KR-pdf-reader-tablet10.png
phone,ko-KR,4,localized/upload-ready/ko-KR/phone/04-ko-KR-compression-transform.png
tablet-7,ko-KR,4,localized/upload-ready/ko-KR/tablet-7/04-ko-KR-compression-transform-tablet7.png
tablet-10,ko-KR,4,localized/upload-ready/ko-KR/tablet-10/04-ko-KR-compression-transform-tablet10.png
phone,ko-KR,5,localized/upload-ready/ko-KR/phone/05-ko-KR-images-to-pdf.png
tablet-7,ko-KR,5,localized/upload-ready/ko-KR/tablet-7/05-ko-KR-images-to-pdf-tablet7.png
tablet-10,ko-KR,5,localized/upload-ready/ko-KR/tablet-10/05-ko-KR-images-to-pdf-tablet10.png
phone,ko-KR,6,localized/upload-ready/ko-KR/phone/06-ko-KR-merge-rearrange.png
tablet-7,ko-KR,6,localized/upload-ready/ko-KR/tablet-7/06-ko-KR-merge-rearrange-tablet7.png
tablet-10,ko-KR,6,localized/upload-ready/ko-KR/tablet-10/06-ko-KR-merge-rearrange-tablet10.png
phone,ko-KR,7,localized/upload-ready/ko-KR/phone/07-ko-KR-offline-privacy.png
tablet-7,ko-KR,7,localized/upload-ready/ko-KR/tablet-7/07-ko-KR-offline-privacy-tablet7.png
tablet-10,ko-KR,7,localized/upload-ready/ko-KR/tablet-10/07-ko-KR-offline-privacy-tablet10.png
phone,ko-KR,8,localized/upload-ready/ko-KR/phone/08-ko-KR-result-sharing.png
tablet-7,ko-KR,8,localized/upload-ready/ko-KR/tablet-7/08-ko-KR-result-sharing-tablet7.png
tablet-10,ko-KR,8,localized/upload-ready/ko-KR/tablet-10/08-ko-KR-result-sharing-tablet10.png
feature-graphic,ko-KR,1,localized/upload-ready/ko-KR/feature-graphic/utility/quietpdf-feature-utility.png
feature-graphic,ko-KR,2,localized/upload-ready/ko-KR/feature-graphic/privacy/quietpdf-feature-privacy.png
phone,ur-PK,1,localized/upload-ready/ur-PK/phone/01-ur-PK-all-tools.png
tablet-7,ur-PK,1,localized/upload-ready/ur-PK/tablet-7/01-ur-PK-all-tools-tablet7.png
tablet-10,ur-PK,1,localized/upload-ready/ur-PK/tablet-10/01-ur-PK-all-tools-tablet10.png
phone,ur-PK,2,localized/upload-ready/ur-PK/phone/02-ur-PK-scanner-transform.png
tablet-7,ur-PK,2,localized/upload-ready/ur-PK/tablet-7/02-ur-PK-scanner-transform-tablet7.png
tablet-10,ur-PK,2,localized/upload-ready/ur-PK/tablet-10/02-ur-PK-scanner-transform-tablet10.png
phone,ur-PK,3,localized/upload-ready/ur-PK/phone/03-ur-PK-pdf-reader.png
tablet-7,ur-PK,3,localized/upload-ready/ur-PK/tablet-7/03-ur-PK-pdf-reader-tablet7.png
tablet-10,ur-PK,3,localized/upload-ready/ur-PK/tablet-10/03-ur-PK-pdf-reader-tablet10.png
phone,ur-PK,4,localized/upload-ready/ur-PK/phone/04-ur-PK-compression-transform.png
tablet-7,ur-PK,4,localized/upload-ready/ur-PK/tablet-7/04-ur-PK-compression-transform-tablet7.png
tablet-10,ur-PK,4,localized/upload-ready/ur-PK/tablet-10/04-ur-PK-compression-transform-tablet10.png
phone,ur-PK,5,localized/upload-ready/ur-PK/phone/05-ur-PK-images-to-pdf.png
tablet-7,ur-PK,5,localized/upload-ready/ur-PK/tablet-7/05-ur-PK-images-to-pdf-tablet7.png
tablet-10,ur-PK,5,localized/upload-ready/ur-PK/tablet-10/05-ur-PK-images-to-pdf-tablet10.png
phone,ur-PK,6,localized/upload-ready/ur-PK/phone/06-ur-PK-merge-rearrange.png
tablet-7,ur-PK,6,localized/upload-ready/ur-PK/tablet-7/06-ur-PK-merge-rearrange-tablet7.png
tablet-10,ur-PK,6,localized/upload-ready/ur-PK/tablet-10/06-ur-PK-merge-rearrange-tablet10.png
phone,ur-PK,7,localized/upload-ready/ur-PK/phone/07-ur-PK-offline-privacy.png
tablet-7,ur-PK,7,localized/upload-ready/ur-PK/tablet-7/07-ur-PK-offline-privacy-tablet7.png
tablet-10,ur-PK,7,localized/upload-ready/ur-PK/tablet-10/07-ur-PK-offline-privacy-tablet10.png
phone,ur-PK,8,localized/upload-ready/ur-PK/phone/08-ur-PK-result-sharing.png
tablet-7,ur-PK,8,localized/upload-ready/ur-PK/tablet-7/08-ur-PK-result-sharing-tablet7.png
tablet-10,ur-PK,8,localized/upload-ready/ur-PK/tablet-10/08-ur-PK-result-sharing-tablet10.png
feature-graphic,ur-PK,1,localized/upload-ready/ur-PK/feature-graphic/utility/quietpdf-feature-utility.png
feature-graphic,ur-PK,2,localized/upload-ready/ur-PK/feature-graphic/privacy/quietpdf-feature-privacy.png
feature-graphic,global,1,feature-graphic/utility/quietpdf-feature-utility.png
feature-graphic,global,2,feature-graphic/privacy/quietpdf-feature-privacy.png
app-icon,global,1,branding/selected/quietpdf-play-icon-512.png
